TimeStamps,Tweets
2023-08-26T13:02:31.000Z,"ITC Demerger - Why did it happen? 

https://instagram.com/p/CwaJyrEMfOu/?utm_source=ig_web_copy_link&igshid=MzRlODBiNWFlZA==‚Ä¶

#stockmarkets #stockmarketeducation #stockmarkettips #commodity #commoditytrading #nseindia #bseinda #goldtrading #sarafa #marketupdate #crudeoil #naturalgas #stockmarketindia #nse #bse #banknifty #nifty"
2023-08-26T11:34:17.000Z,"Hotels Demerger: How Positive Will It Be For ITC? - Nice article from R&R

https://blog.researchandranking.com/itc-hotels-after-demerger/‚Ä¶
@ITCCorpCom
 @ITCHotels
 @dmuthuk
 @researchandrank"
2023-08-25T15:47:21.000Z,"ITC was running in expectation of the demerger announcement. Once the the demerger is actually announced, it has started falling. And continuously falling since then. "
2023-08-25T09:24:23.000Z,Is there any opportunity in such scenarios? ITC and hotels demerger will create a similar scenario. The obvious one is to sit tight and let it bottom out.
2023-08-21T12:17:11.000Z,"Decoding the ITC Demerger Share Entitlement Ratio #shorts #shortsfeed  #... https://youtu.be/hwzvrgDmTN4 via 
@YouTube"
2023-08-21T11:01:51.000Z,"Cyril Amarchand Mangaldas advises ITC Limited on demerger of its hotels business
#Law #Latest #LatestLaws #LegalNews #India #IndianNews #News #Legal"
2023-08-21T07:13:07.000Z,"Yatin mota is by far the fastest business journalist in India 

He actually predicted ITC Demerger 3 years ago in 2020 ! 

He has a Time Machine ! 
@YatinMota"
2023-08-20T19:57:00.000Z,ITC after the demerger 
2023-08-19T17:10:01.000Z," #ITC 's Crossroads: Demerger News Sparks Speculation  As the demerger news emerges, #ITC  finds itself at a pivotal moment. Will this development change the trend or potentially lead to a breakdown below the 20 WMA? #StocksToTrade #StocksInFocus #Chartingstocks"
2023-08-19T10:04:52.000Z,It went too far in expectation of demerger and now coming back to its actual value which is 25 PE. Till Nifty was below 18800 ITC was star but now from 19000 to 22000 it will not participate. ITC is poster boy of bear markets.
2023-08-19T08:42:40.000Z,"Some of the our amazing 2x inputs  

1) ITC 220 > 500
2) Mirza (before demerger) 70 > 350+
3) HSCL 60 > 170
4) Apollo Micro Systems 18 >> 60
5) IOB 17 > 34
6) Texrail 50 > 120
7) IDFC First 30 > 90
8) Daawat 70 > 190
9) Auro Pharma 400 > 800+
10) KPIT 500 > 1000+"
2023-08-18T07:02:48.000Z,"But are you ok with that ratio sirji demerger. 
1 for 10 seems to be unfair to ITC shareholders, please share your opinion"
2023-08-18T05:02:01.000Z,"Exciting news for investors!
ITC Hotels' demerger ratio has been approved.
Stay tuned for more updates on share price, listing date, and timeline. 

Know More: https://zeebiz.com/markets/stocks/news-itc-hotels-demerger-ratio-approved-latest-news-share-price-listing-date-timeline-nse-bse-249465‚Ä¶

#ITCHotels 
@ITCCorpCom
 #demerger"
2023-08-18T04:59:34.000Z,"The first reason shareholders are unhappy is the #demerger #swapratio. The board announced swap ratio of 1:10 i.e., shareholders of #ITC Ltd get 1 share of #ITCHotels Ltd for 10 shares of ITC held. Investors feel the swap ratio does not reflect the loss of value for investors"
2023-08-18T04:59:33.000Z,"In last two weeks, the stock of #ITC has fallen more than 12%. That is a sharp fall for a stock that defied gravity in 2023. Incidentally, the sharp fall in the ITC stock came after the company announced the #demerger of the hotels business, #ITCHotels from the parent company"
2023-08-17T17:50:06.000Z,"ITC lost 57 rupees after the demerger announcement. Assuming 100 rupees a share valuation for 1 hotel share the fall would have been just 10 a share. However it seems to be heading for a loss of 100 rupees. Are you creating or destroying wealth 
Mr Chairman?
@ITCCorpCom
@dmuthuk"
2023-08-17T12:53:17.000Z,"#ITCHotels' demerger is expected to be completed by Sep'24, while the listing of the new entity is expected to take place in Nov'24. |
@chit_ranjan
 

https://fortuneindia.com/investing/will-itc-hotels-demerger-unlock-value-for-shareholders/113769‚Ä¶

#ITC #ITCHotelsdemerger #ITCHotelslisting #ITCshareholders #ITCshares #demerger #hotel #FMCG #cigarette"
2023-08-17T12:21:00.000Z,"Analyst firms raise #ITC share's target price to Rs 525 following robust Q1 results and approval of hotel business demerger

Read: https://ianslive.in/analyst-firms-raise-itc-share-target-price-to-rs-525-following-robust-q1-results-and-approval-of-hotel-business-demerger--20230817154419‚Ä¶"
2023-08-17T04:22:07.000Z,"#ITC shares that was building up for a demerger since long have just languished from the precise day the decision was announced.

Sell on News in play."
2023-08-17T04:20:53.000Z,"Mam but what about ITC? Coming down after demerger news‚Ä¶ 
@kuttrapali26"
2023-08-17T04:17:46.000Z,What do you think about itc hotel demerger?
2023-08-16T14:12:07.000Z,"16/08/2023 

 Coal India capex grows 8.5% in April-July FY24

 Infosys gains on expanding strategic collaboration with Liberty Global

 ITC Q1 PAT climbs 17% YoY to Rs 4,903 cr; board nod for ITC Hotel biz demerger

 Divis Lab skid after PAT drops 49% YoY in Q1 FY24"
2023-08-16T13:22:10.000Z,Is itc technically weak now? After delivering good results and demerger news also it is struggling
2023-08-16T13:04:36.000Z,"ITC demerger:

ITC's demerger structure disappointed investors as it retains 40% stake in the hotels business. 60% stake to be allotted to ITC shareholders, valued at Rs 5625 cr. Market will determine actual valuation when shares list.
#StockMarket #ITC"
2023-08-16T12:14:38.000Z,"ITC hotel spinoff at 10:1 ratio
@ITCCorpCom
 @ITCHotels
 #demerger #spinoff #hotels #FMCG"
2023-08-16T11:40:25.000Z,"ùêàùêìùêÇ ùêÉùêûùê¶ùêûùê´ùê†ùêûùê´ ‡§™‡§∞ ùêãùêöùê≠ùêûùê¨ùê≠ ùêÆùê©ùêùùêöùê≠ùêû  

To know how much ITC Hotel share you will get watch the full video.
https://youtube.com/watch?v=FyCsdN4H9RA&t=1s‚Ä¶
.
.
.
.
#ITCDemerger #ProfitInsights #itc #hotel #demerger #bignews #latestnews #latestupdates #ipo #StockMarket"
2023-08-16T10:38:50.000Z,"ITC Hotel Business Demerger: From Entitlement Ratio To Listing, Key Highlights Here

#ITC #ITCHotels"
2023-08-16T05:06:21.000Z,"#MCPro | #ITC's growth in the core segments of cigarettes and FMCG will now be in focus after the demerger of the company's hotels business.

Read here
https://moneycontrol.com/news/business/earnings/itc-q1f2y4-should-investors-add-the-stock-after-its-huge-outperformance-11195221.html‚Ä¶

#Q1FY24 #Earnings #Stocks"
2023-08-16T05:05:59.000Z,"#ITC ‡§∏‡•á ‡§π‡•ã‡§ü‡§≤ ‡§ï‡§æ‡§∞‡•ã‡§¨‡§æ‡§∞ ‡§ï‡•á ‡§°‡•Ä‡§Æ‡§∞‡•ç‡§ú‡§∞ ‡§ï‡•ã ‡§Æ‡§Ç‡§ú‡•Ç‡§∞‡•Ä

ITC ‡§∏‡•á ‡§Ö‡§≤‡§ó ‡§π‡•ã‡§ï‡§∞ #ITCHotels ‡§®‡§æ‡§Æ ‡§∏‡•á ‡§®‡§à ‡§ï‡§Ç‡§™‡§®‡•Ä ‡§¨‡§®‡•á‡§ó‡•Ä

ITC ‡§ï‡•á 10 ‡§∂‡•á‡§Ø‡§∞‡•ã‡§Ç ‡§™‡§∞ ITC ‡§π‡•ã‡§ü‡§≤‡•ç‡§∏ ‡§ï‡§æ 1 ‡§∂‡•á‡§Ø‡§∞ ‡§Æ‡§ø‡§≤‡•á‡§ó‡§æ

ITC ‡§π‡•ã‡§ü‡§≤ ‡§ï‡§æ‡§∞‡•ã‡§¨‡§æ‡§∞ #Demerger ‡§ï‡•Ä ‡§°‡•Ä‡§ü‡•á‡§≤ ‡§¶‡•á‡§ñ‡§ø‡§è ‡§á‡§∏ ‡§µ‡•Ä‡§°‡§ø‡§Ø‡•ã ‡§Æ‡•á‡§Ç 
@Nupurkunia
 | #ShareMarket | #StockMarket

Live : https://bit.ly/3OYVbXE"
2023-08-16T04:16:56.000Z,"ITC share price targets post Q1 results, hotels biz demerger approval & more
@amit_mudgill"
2023-08-16T04:16:46.000Z,"Aur baki 7 ke badle Mai..??
Can u plz tell me after demerger value of itc"
2023-08-16T04:06:22.000Z," ITC to demerge hotel business, listing in 15 months: Kolkata-based conglomerate plans to publicly list its hotel business as ITC Hotels Ltd. 

Existing shareholders to receive equity shares, maintaining 60% stake; ITC retains 40%.  

#ITC #Demerger #Hotels #ITChotels #market"
2023-08-16T04:04:11.000Z," ITC to demerge hotel business, listing in 15 months: Kolkata-based conglomerate plans to publicly list its hotel business as ITC Hotels Ltd. 

Existing shareholders to receive equity shares, maintaining 60% stake; ITC retains 40%.  

#ITC #Demerger #Hotels #ITChotels #market"
2023-08-16T03:58:52.000Z,"#ITC share price gained a percent after the company reported its Q1 results and approved the demerger of its hotels business. 

ITC shares gained as much as 1.12% to ‚Çπ454.00 apiece on the BSE."
2023-08-16T01:38:55.000Z,"#ITCDemerger : ‡§Æ‡•Å‡§®‡§æ‡§´‡•á ‡§Æ‡•á‡§Ç 18% ‡§â‡§õ‡§æ‡§≤ ‡§ï‡•á ‡§∏‡§æ‡§• ITC ‡§ï‡§æ ‡§¶‡§Æ‡§¶‡§æ‡§∞ ‡§™‡•ç‡§∞‡§¶‡§∞‡•ç‡§∂‡§®...‡§π‡•ã‡§ü‡§≤ ‡§ï‡§æ‡§∞‡•ã‡§¨‡§æ‡§∞ ‡§ï‡•á ‡§°‡•Ä‡§Æ‡§∞‡•ç‡§ú‡§∞ ‡§Æ‡•á‡§Ç ITC ‡§ï‡•á 10 ‡§∂‡•á‡§Ø‡§∞‡•ã‡§Ç ‡§™‡§∞ ‡§Æ‡§ø‡§≤‡§æ ITC ‡§π‡•ã‡§ü‡§≤‡•ç‡§∏ ‡§ï‡§æ ‡§è‡§ï ‡§∂‡•á‡§Ø‡§∞... 15 ‡§Æ‡§π‡•Ä‡§®‡•á ‡§Æ‡•á‡§Ç ‡§™‡•Ç‡§∞‡•Ä ‡§π‡•ã‡§ó‡•Ä ‡§™‡•ç‡§∞‡§ï‡•ç‡§∞‡§ø‡§Ø‡§æ...

#ITC #StockMarket 

Zee Business Live :  https://bit.ly/3OYVbXE"
2023-08-15T18:14:31.000Z,#IBS #IBSPune #Demerger #ITC #IPO
2023-08-15T17:12:44.000Z,Infosys ... may   just wait for two qtr results..and ITC may give similar return in year 24 as demerger will happen in 15 months.
2023-08-15T16:09:26.000Z,"Indicative timeline for listing of ITC Hotels: ~15 months
Total no. of equity shares of ITC Hotels (pre demerger) will be 83cr
Fresh issue 125cr
So Total no. of equity shares of ITC Hotels (post demerger) will be 208cr

(3/4)"
2023-08-15T16:09:25.000Z,"ITC Hotel - Indicative price per share 

Hotel business of ITC will be demerged from the ITC ltd
ITC ltd will own 40% stake in the company
Shareholders will have 60% stake
Demerger ratio: for every 10 shares of ITC ltd 1 share of the hotel will be given

(1/4)"
2023-08-15T15:31:01.000Z,"#FCnotes #specialsituation

 on #ITC hotels demerger

ITC Board has approved demerger of Hotels Business. 

The Company thereby had incorporated a new wholly owned subsidiary in the name of 'ITC Hotels Limited' on 28th July, 2023"
2023-08-15T14:42:17.000Z,"10: 1 Entitlement Ratio in ITC Ltd Demerger of ITC Hotels https://youtu.be/FLAfa4-mX0U via 
@YouTube"
2023-08-15T14:25:37.000Z,"ITC Hotels Demerger: ITC Shareholders to get 1 share of ITC Hotels for e... https://youtu.be/MOck8BNl68U via 
@YouTube"
2023-08-15T11:49:21.000Z,"#ITChotelsLtd & Ansal Hotels Ltd  were a separate listed entity, merged with ITC Ltd. on 1st April 2004

#share exchange ratios in 2004
1- 3 shares of ITC for 25 #shares of ITC Hotels
2- 1 share of ITC for 150 shares of Ansal Hotels
  #Demerger 
@giri10488_vyas
 
@wealth_verse"
2023-08-15T11:34:30.000Z,"#ITC Board approves demerger of hotels business into ITC Hotels

ITC shareholders to get 1 share in ITC Hotels for 10 shares held

(1)    3 shares of ITC for every 25 shares of ITC Hotels.
(2)    1 share of ITC for every 150 shares of Ansal Hotels.
#ITC #hotel #Demerger"
2023-08-15T06:21:30.000Z,"ITC Hotels Demerger News :

Shareholders to get 1 share of ITC Hotels for every 10 shares of parent co.

Explanation..

#itc #news #investing"
2023-08-15T06:00:21.000Z,"#ITC: Major Board Decision 

ITC's board has given the green light for the demerger of its hotels business into a separate entity, ITC Hotels. 

Shareholders of ITC will receive 1 share in ITC Hotels for every 10 shares held, with an estimated timeline of around 15 months‚Ä¶ Show more"
2023-08-15T05:11:13.000Z,"ITC share holders are all happy, for different reason altogether. 

Passive Income is 

#Dividend #ITC  #ITCDemerger"
2023-08-15T04:43:58.000Z,"#ITC said its shareholders will hold 100% of the ultimate beneficial economic interest in the hotels business with direct holding of about 60% and indirect holding of about 40% through ITC. 
   Demerger would unlock value of hotels business for existing shareholders of ITC‚Ä¶ Show more"
2023-08-15T04:03:39.000Z,"The Demerger news itself will flock ITC shareholders to add more, atleast in the multiples of 10s

Even I have to add the same."
2023-08-15T03:58:31.000Z,"@CNBCTV18News
@ITCCorpCom
what abt shareholder holding 17 shares of ITC under demerger ?"
2023-08-15T03:24:03.000Z,"ITC Q1 results:

Net profit jumps 17.58% to ‚Çπ4902.74 crore
Revenue falls 7% at ‚Çπ16995.49 crore
Exceeds estimates
EBIDTA grows 10.7% at ‚Çπ6250.1 crore

The Board at its meeting held today subject to necessary approvals, considered and approved demerger of Hotels Business"
2023-08-14T16:57:32.000Z,#ITC demerger
2023-08-14T16:32:19.000Z,"ITC approves demerger of hotel business.
Under the demerger, shareholders will get one share of hotels business for every 10 shares held in ITC.
.
#LearningAbility #ITC #ITCltd #ITChotel #shares"
2023-08-14T16:23:34.000Z,"Hopeless scheme for ITC hotels demerger , i thought it will be atleast 1:6 ! Why do you even want to give 1:10 
@ITCCorpCom
 , keep it with you only    https://m.economictimes.com/markets/stocks/news/itc-hotels-demerger-shareholders-to-get-1-share-of-itc-hotels-for-every-10-shares-of-parent/amp_articleshow/102724622.cms‚Ä¶"
2023-08-14T16:20:00.000Z,"#ITC board approved the scheme of arrangement involving the demerger of its hospitality business, 
@ishitaadutt
 reports.

#ITChotels"
2023-08-14T16:18:38.000Z,"ITC Hotel's demerger: Don't focus on the number of shares, look at value  

1 share of the Hotel biz for every 10 ITC shares is fair, as the Hotel biz is valued at 8-9/current ITC share. 

It's like getting Rs 100 in ten 10 rupee notes or two 50 rupee notes. It doesn't matter,‚Ä¶ Show more"
2023-08-14T16:17:01.000Z,Worthless mindless demerger scheme. ITC should come out clean and explain stakeholders else everyone should vote against the proposal.
2023-08-14T16:12:01.000Z,"ITC Announces Share Entitlement Ratio of 1:10 for Demerger of Hotels Business 

#itc #itchotels #TheBlock #JENNIE
#hotels #financialmarkets #TrendingNow"
2023-08-14T16:11:50.000Z,"ITC on Monday approved the scheme of arrangement involving the demerger of its hotels business into a separate listed subsidiary.
Under the demerger plan, shareholders of ITC will get 1 share in the demerged hotels business for every 10 shares held in the parent company.
#Results"
2023-08-14T15:00:19.000Z,"The #Q1FY24 results of #ITC are a bit lukewarm with softer performance, but the disappointment lies in the #demerger swap ratio. The company has announced giving one share of the #hotelbusiness for every 10 #shares of #ITC_Ltd."
2023-08-14T14:56:58.000Z,Sir your take on ITC result and demerger ratio?
2023-08-14T14:54:58.000Z,"ITC Hotels Demerger: Shareholders to get 1 share of ITC Hotels for every 10 shares of parent company

 Thought it is a good sign that he company has taken steps on unlocking the value but the larger picture is still unclear.

- ITC holds many businesses withing itself and‚Ä¶ Show more"
2023-08-14T14:30:50.000Z,"4/4 The demerger plan is subject to necessary approvals from various regulatory bodies, including shareholders, creditors, stock exchanges, and regulatory authorities. Once approved, the indicative timeline for listing ITC Hotels is approximately 15 months.  
#ITC #stocks"
2023-08-14T14:30:48.000Z,"2/4 Shareholders of ITC will hold about 60% of the new hotels company, while the remaining 40% will be held by ITC. This strategic demerger reflects ITC's commitment to maximizing shareholder value and creating distinct entities.  #Shareholders #ValueCreation"
2023-08-14T14:30:47.000Z,"1/4 Exciting news! 
 ITC, the Indian conglomerate, is set to demerge its Hotels business into a separate listed entity, creating a pure play hotels company. 
 #ITC #Hotels #Demerger"
2023-08-14T14:28:57.000Z,"ITC Hotel Demerger shareholders will get 1 share of ITC Hotel for every 10 shares in ITC. 
#ITC"
2023-08-14T14:26:11.000Z,"#ITC Board approves demerger of hotels business into ITC Hotels

ITC shareholders to get 1 share in ITC Hotels for 10 shares held."
2023-08-14T14:22:11.000Z,"ITC Q1 consolidated PAT 5180.12 cr marginally above the estimate and Revenue Rs 18,639.48cr below expected. Company announces 1:10 ratio for hotel business demerger"
2023-08-14T13:59:21.000Z,#LeadStoryOnET | ITC Hotels Demerger: Shareholders to get 1 share of ITC Hotels for every 10 shares of parent
2023-08-14T13:51:06.000Z,"ITC Board approves hotel business demerger, listing in 15 months. 

Shareholders of #ITC will get 1 share in the demerged hotels business for every 10 shares held in the parent company. 

#trading #investing #stocks #StockMarketindia 
@kuttrapali26
 @KommawarSwapnil"
2023-08-14T13:10:05.000Z,"The #ITC board has approved the demerger of the hotels business.  

Asper the scheme of the arrangement, shareholders of 
@ITCCorpCom
 will get one share of the hotel business for every 10 shares they hold in the company.  
@Shilparanipeta
 

https://cnbctv18.com/news/itc-shareholders-to-get-one-share-of-hotels-busines-for-every-10-shares-held-in-co-17528841.htm‚Ä¶"
2023-08-14T13:06:49.000Z,"#ITC Board approves demerger of hotels business into ITC Hotels

ITC shareholders to get 1 share in ITC Hotels for 10 shares held

Do  you know this interesting fact
ITC Hotels Ltd. (a separate listed entity) and Ansal Hotels Ltd  were merged with ITC Ltd. on April 1, 2004.‚Ä¶ Show more"
2023-08-14T12:54:40.000Z,"#ITC: Board approves demerger of hotels business into ITC Hotels

ITC shareholders to get 1 share in ITC Hotels for 10 shares held

Indicative timeline for listing of ITC Hotels is around 15 mos

#doyouknow 

ITC Hotels Ltd. (a separate listed entity) and Ansal Hotels Ltd  were‚Ä¶ Show more"
2023-08-14T12:45:45.000Z,ITC Hotel Demerger Structure
2023-08-14T12:43:40.000Z,"What a demerger mockery by ITC for shareholders.
Small shareholders should join hands and vote against the proposal. 
@SebiSlots
 
@ITCCorpCom
 
@AnilSinghvi_
 
@CNBC_Awaaz
 
@CNBCTV18News
 
@ZeeBusiness"
2023-08-14T12:38:08.000Z,"With the demerger, for every 10 shares owned in #ITC, shareholders will receive one share from the hotels business. Expected listing in 15 months.

#ITCHotels #demerger"
2023-08-14T12:11:37.000Z,"#Results #ITC #Update #demerger

#NSE #BSE #NIFTY #SENSEX #TRADING #INVESTING"
2023-08-14T12:01:40.000Z," ITC's Q1FY24 Highlights:

 Net Profit Surge: Standalone net profit reaches Rs 4902.74 crore, up by 17.58% YoY, showcasing strong growth.

 Total Revenue Dip: Total revenue at Rs 16,995.49 crore, down 7.2% YoY, reflecting challenges.

 Hotels Business Demerger: Board‚Ä¶ Show more"
2023-08-14T12:01:19.000Z,"And as I mentioned earlier as well,

ITC hotel demerger becomes a non event for a normal investor."
2023-08-14T12:00:58.000Z,"#BusinessNews: ITC ‡§ï‡•á ‡§π‡•ã‡§ü‡§≤ ‡§¨‡§ø‡§ú‡§®‡•á‡§∏ ‡§°‡•Ä‡§Æ‡§∞‡•ç‡§ú‡§∞ ‡§ï‡•ã ‡§¨‡•ã‡§∞‡•ç‡§° ‡§∏‡•á ‡§Æ‡§ø‡§≤‡•Ä ‡§Æ‡§Ç‡§ú‡•Ç‡§∞‡•Ä, ‡§ï‡•ç‡§Ø‡§æ ‡§ï‡•ã‡§∞ ‡§¨‡§ø‡§ú‡§®‡•á‡§∏ ‡§™‡§∞ ‡§¨‡§¢‡§º‡•á‡§ó‡§æ ‡§ï‡§Ç‡§™‡§®‡•Ä ‡§ï‡§æ ‡§´‡•ã‡§ï‡§∏?
@ITCCorpCom
 

#ITC #sharemarket #hotelbusinessnews #itcdemerger #demerger #LatestNews #moneycontrol"
2023-08-14T11:57:53.000Z,"ITC's board approves demerger of hotels business, with new entity to be listed in about 15 months. 

Shareholders to get 1 share of hotels business for every 10 shares in ITC. ITC Hotels to have license for ITC brand name.  

#ITC #Hotels #demerger #market #marketupdates"
2023-08-14T11:51:14.000Z,"ITC demerger
 1 ITC will get 10 ITC Hotels #update #demerger #ITC #sharemarket"
2023-08-14T11:51:01.000Z,"#ITC approved the demerger of its hotels business into a separate entity.

Shareholders of ITC will get 1 share in the demerged hotels business for every 10 shares held in the parent company.

#StockMarket 
#stocks 
#stockstowatch 
#StocksInFocus"
2023-08-14T11:48:30.000Z,"ITC Hotels Demerger:

The Board approved the scheme of arrangement involving the demerger of its hotel business into a separate subsidiary. 

Under the demerger, shareholders of ITC will get 1 share in the demerged hotels business for every 10 shares held in the parent company‚Ä¶ Show more"
2023-08-14T11:27:20.000Z,"#ITC | ITC shall become the 2nd largest FMCG company in India by revenue post ITC hotel demerger

Amul group to become #1 FMCG company of India with revenue over Rs 72,000 cr

Unlike Electronics industry, Indianbrands are dominating FMCG market (except Unilever and Nestle)"
2023-08-14T11:26:28.000Z,"#ITC: Board approves demerger of hotels business into ITC Hotels

ITC shareholders to get 1 share in ITC Hotels for 10 shares held

Indicative timeline for listing of ITC Hotels is around 15 mos. #Nifty #ITC #investing"
2023-08-14T11:25:21.000Z,"ITC Hotels Demerger: Shareholders to get 1 share of ITC Hotels for every 10 shares of parent co

https://economictimes.indiatimes.com/markets/stocks/news/itc-hotels-demerger-shareholders-to-get-1-share-of-itc-hotels-for-every-10-shares-of-parent/articleshow/102724622.cms‚Ä¶
 via ET Markets App(Download Now):
 https://etmarketapps.page.link/refsharing"
2023-08-14T11:23:47.000Z,"ITC Demerger News - 

ITC shareholders to get 1 share in ITC Hotels for 10 shares held

FY23 revenue of Hotels - 2573 Cr (3.7% of the total standalone turnover of ITC Ltd.)

Also stake buys in 2 hotel companies -

No reco."
2023-08-14T11:23:46.000Z,"#ITC: Board approves demerger of hotels business into ITC Hotels

ITC shareholders to get 1 share in ITC Hotels for 10 shares held

Indicative timeline for listing of ITC Hotels is around 15 mos

#doyouknow 

ITC Hotels Ltd. (a separate listed entity) and Ansal Hotels Ltd  were‚Ä¶ Show more"
2023-08-14T11:14:10.000Z,#NewsAlert  #ITC approves demerger of hotels business
2023-08-13T05:17:41.000Z,"Equity entitlement ratio is determined through mathematical principles, not just valuations, as mentioned by 
@Equitywithrahul
. Interesting breakdown of the ITC Hotels demerger 
@business_today
 #ITC #ITChotels #Demerger #Finance"
2023-08-12T15:15:33.000Z, ITC's Sanjiv Puri envisions growth with hotels demerger. Seizing opportunities in India's booming hospitality sector. #HospitalityGrowth #ITC Read more:
2023-08-12T15:04:24.000Z, ITC's strategic move! Hotel business demerger to boost capital allocation and shareholder value. #ITC #BusinessDemerger Read more:
2023-08-12T13:54:02.000Z,"Nice analysis of the unaltered ownership pattern in the ITC demerger, aiding shareholders in comprehending the intricacies, good article by 
@Equitywithrahul
 @business_today
 #Demerger #Finance"
2023-08-12T07:20:09.000Z,"Post hotel demerger ITC bets big on FMCG: With more than 25 brands, the annual consumer spend is around Rs 29,000 crore. The addressable market for the FMCG vertical of ITC is $5 trillion, its MD & Chairman Puri says.

https://deccanherald.com/business/post-hotel-demerger-itc-bets-big-on-fmcg-2644818?utm_source=twitter&utm_medium=referral&utm_campaign=socialshare‚Ä¶ via 
@deccanherald"
2023-08-12T07:09:37.000Z,"Hotel Business Demerger To Sharpen ITC's Capital Allocation, Improve Asset Efficiency Ratios"
2023-08-12T06:26:50.000Z," Hospitality Horizon: 
@ITCHotels
  Business embraces a new era with a proposed demerger, enhancing stability, value, and growth. As India's tourism potential soars, ITC's presence is set to leave an indelible mark in the hospitality industry. A saga of opportunities awaits! "
2023-08-12T06:16:44.000Z,Itc just doing the stupid business like fmcg and all. Just management want to safe their position. Also look the demerger of hotel business no one called that corporate action as 'demerger'.
2023-08-11T10:21:10.000Z,"During the #ITC AGM 2023, #SanjivPuri, the Chairman and Managing Director, emphasized that the recently announced demerger of #ITCHotels from the parent company would have multiple positive impacts. 

Read Full Article Here:
https://innovativezoneindia.com/highlights-of-cmd-sanjiv-puri-itc/‚Ä¶."
2023-08-11T09:35:17.000Z,"#ITC AGM

‚Ä¢On hotel biz demerger:
Will sharpen ITC's capital allocation, improve asset efficiency ratios

‚Ä¢Built FMCG portfolio of 25+ brands, addressable market: Rs 5L Cr

‚Ä¢2 FMCG brands in Rs 5K cr spends league,  5 between 1K-4K cr
@ITCCorpCom"
2023-08-11T08:28:42.000Z,""" Exciting news from ITC! Chairman & MD Sanjiv Puri highlights how the hotel business demerger will boost capital allocation, enhance asset efficiency, unlock shareholder value, and harness institutional synergies.  #ITC #BusinessDemerger #ValueUnlocked"""
2023-08-11T08:27:56.000Z,ITC's #BoardMeeting is set to announce the June quarter results & details of the scheme of arrangement for the demerger. #ITC #MondayMotivation
2023-08-11T08:14:50.000Z,"The demerger of #ITC's hotel business will sharpen capital allocation, improve asset efficiency ratios, unlock value for its shareholders as well as enable leveraging of institutional synergies, said company chairman and MD Sanjiv Puri"
2023-08-11T07:50:47.000Z,"#ITCAGM | ITC CMD #SanjivPuri addressed shareholders during its 112th AGM, where he spoke about the conglomerate's business plans, the demerger of its hotels business and more. 
@ITCCorpCom
 #ITC 

These are the key highlights  "
2023-08-11T07:44:13.000Z,All the ITC Gyaanis giving gyaan about the demerger should read what itc did to the hotels in early 2000s and what reasons it gave. You‚Äôll find a lot of similarities to the reasoning.
2023-08-11T07:41:52.000Z,ITC board meeting on 14 to decide issues relating to demerger of hotel business
2023-08-09T11:43:23.000Z,"ITC - The New Journey after the most awaited Demerger starts??

Observations :-

* Bullish Candle at support zone with supportive volumes

* Tested 55 Dema after a long time so healthy pullback done with Oscillators being oversold

* Closed at last 3 days high, follow up buying‚Ä¶ Show more"
2023-08-09T09:46:51.000Z,"Hello Jeetu Bhaiya.. Hope you are doing good. ITC was moving in channel, it came down one way due to demerger news annd breakdown the channel. Can CMP is the good opportunity to accumulate on the basis of demand and supply method?
@krunalparab_"
2023-08-09T07:33:01.000Z,"Trading for Beginners | Safety | Basic Techniques

#iamsrimantha #trader #trading #itcdemerger #stockanalysisfundamentals  #FuturesandOptions #tradefutures #finnifty #futureandoptionsinsharemarket #futureandoptiontrading #fandotrading"
2023-08-08T09:45:24.000Z,After Demerger Announcement ITC Likely To Launch IPO For Its Hotel Business In 2024
2023-08-07T12:14:54.000Z,"NIIT Ltd has demerged its B2C arm, NLSL into a separate entity that will list tomorrow. 

NLSL is to NIIT what the cigarette business is to ITC, with a bonus of growth. So how are things stacked up post-demerger?

#NIIT #NLSL #Demerger

https://capitalmind.in/2023/08/niit-learning-systems-demerger-implications/‚Ä¶"
2023-08-04T14:43:02.000Z,"ITC hotel biz demerger allays capital allocation concerns, say analysts"
2023-08-04T07:33:03.000Z,"ITC board gives in-principle nod for demerger of hotels business; stock falls over 3% 
 ... https://digitrixlive.xyz/itc-board-gives-in-principle-nod-for-demerger-of-hotels-business-stock-falls-over-3/?feed_id=33746&_unique_id=64cca9ae5e5ab‚Ä¶"
2023-08-04T07:23:55.000Z,"ITC board approves demerger of hotel business, to hold 40% stake in new entity Cigarettes-to-hotels main ITC Ltd on Mon... https://digitrixlive.xyz/itc-board-approves-demerger-of-hotel-business-to-hold-40-stake-in-new-entity/?feed_id=33742&_unique_id=64cca78a628d3‚Ä¶"
2023-08-04T06:32:59.000Z,"Why ITC share price fell 4% on much-awaited hotel business demerger announcement? - Explained 
 ... https://digitrixlive.xyz/why-itc-share-price-fell-4-on-much-awaited-hotel-business-demerger-announcement-explained/?feed_id=33718&_unique_id=64cc9b9b2f669‚Ä¶"
2023-08-04T07:33:03.000Z,"ITC board gives in-principle nod for demerger of hotels business; stock falls over 3% 
 ... https://digitrixlive.xyz/itc-board-gives-in-principle-nod-for-demerger-of-hotels-business-stock-falls-over-3/?feed_id=33746&_unique_id=64cca9ae5e5ab‚Ä¶"
2023-08-04T07:23:55.000Z,"ITC board approves demerger of hotel business, to hold 40% stake in new entity Cigarettes-to-hotels main ITC Ltd on Mon... https://digitrixlive.xyz/itc-board-approves-demerger-of-hotel-business-to-hold-40-stake-in-new-entity/?feed_id=33742&_unique_id=64cca78a628d3‚Ä¶"
2023-08-04T06:32:59.000Z,"Why ITC share price fell 4% on much-awaited hotel business demerger announcement? - Explained 
 ... https://digitrixlive.xyz/why-itc-share-price-fell-4-on-much-awaited-hotel-business-demerger-announcement-explained/?feed_id=33718&_unique_id=64cc9b9b2f669‚Ä¶"
2023-08-04T06:28:54.000Z,ITC hotels: ITC board gives in-principle nod for demerger of hotels business The board of FMCG main ITC at Monday's a... https://digitrixlive.xyz/itc-hotels-itc-board-gives-in-principle-nod-for-demerger-of-hotels-business/?feed_id=33717&_unique_id=64cc9aa632bf3‚Ä¶
2023-08-04T04:12:37.000Z,"ITC hotel business demerger: ITC board approves demerger of hotels business, share price drops 4% Ending months of hypothesis, cigarette-t... https://digitrixlive.xyz/itc-hotel-business-demerger-itc-board-approves-demerger-of-hotels-business-share-price-drops-4/?feed_id=33660&_unique_id=64cc7ab4684ed‚Ä¶"
2023-08-04T01:07:51.000Z,ITC hotels demerger to unlock value for 30 lakh shareholders. But what disappointed investors? In a basic instance of how the idea of '... https://digitrixlive.xyz/itc-hotels-demerger-to-unlock-value-for-30-lakh-shareholders-but-what-disappointed-investors/?feed_id=33582&_unique_id=64cc4f668545f‚Ä¶
2023-08-01T15:21:09.000Z,"After the demerger, do you still think that ITC is a good investment? 
https://instagram.com/p/CvaB8pCB2fV/?igshid=NjIwNzIyMDk2Mg==‚Ä¶

However, this plan needs final approval from the board, which will be decided on #august 14 2023.
.
.
.
#stockmarkets #ITC #investing #demerger #Nifty #NSE"
2023-08-01T08:56:37.000Z,"#ITC to not buy a stake in hotels if BAT wants an exit post demerger
@nehavashishth90"
2023-08-01T07:22:16.000Z,ITC Demerger likely to happen in FY25: What to do as an investor? http://dlvr.it/St270p
2023-07-31T15:04:14.000Z,"https://t.me/weeklyhighlights‚Ä¶

Weekly Highlights:

1. BlackRock to re-enter India's MF industry with Jio
2. ITC's board has cleared demerger of its hotel business
3. India will move to a T+1 market settlement from Oct 1, 2023
4. EPF interest hiked by 0.05% to 8.15% for FY22-23"
2023-07-31T15:03:22.000Z,"40% with ITC, 18% with BAT...hesitant demerger!"
2023-07-31T14:41:01.000Z,"ITC: 'Won't buy a stake in hotels if BAT wants an exit post demerger'
Catch the day's latest news and updates   https://bit.ly/456dGP2"
2023-07-31T13:42:01.000Z,"ITC ‡§ö‡§æ ‡§°‡•Ä-‡§Æ‡§∞‡•ç‡§ú‡§∞‡§ö‡§æ ‡§®‡§ø‡§∞‡•ç‡§£‡§Ø ‡§ö‡•Å‡§ï‡§≤‡§æ ‡§ï‡§æ? 
#itcompany #demerger"
2023-07-31T01:59:04.000Z,"ITC demerger news today Share market News Tamil Pangu Sandhai Piramal Ph... https://youtu.be/Plm8ekI2Q1g via 
@YouTube"
2023-07-30T23:14:28.000Z,"Demerger of ITC hotel good 
Why?
Hotel business contribute only 2% in profit but required 20% of capax.
Moving out hotel business will do 2 things
1) better use of cash
2) more dividends 

ITC's hotel business demerger raises questions on capex funding"
2023-07-30T21:24:50.000Z,Sir I purchased itc shares at the 452 (50 quantity) . Before the demerger news the share was at its peak but now after the news it has come up to 462. I am unable to understand that should I sell it off? or wait for the recovery.
2023-07-30T10:46:35.000Z,"Here is the reason why ITC might have done partial Demerger - A well thought and planned strategy
@bharatbetpf
 you might like this..!"
2023-07-30T10:32:05.000Z,"Why ITC kept 40% stake in ITC Hotels?

Reason is here 

#ITC #ITCHotels #Demerger"
2023-07-30T10:07:59.000Z,"#ITC has given a dream run up from 200 levels to 500! A massive 140% up move in just 1.5 years!
I believe the market was already incorporating the news of #demerger. Once the news of demerger was out, profit booking started.

But I believe true value unlocking is yet to begin.‚Ä¶ Show more"
2023-07-29T12:47:35.000Z,"@AnilSinghvi_
 
Sir if you can explain how demerger in ITC will effect F&o"
2023-07-29T06:48:51.000Z,Long term #ITC shareholder‚Äôs reaction to the demerger noise. 
2023-07-29T05:58:06.000Z,"ITC Hotels demerger to unlock value; brokerages bullish, set ITC stock targets above Rs 500"
2023-07-29T05:24:34.000Z,"What a month for Indian Stock Markets?

HDFC twins have got merged

ITC announces demerger of hotels business

Reliance demerges Reliance Strategic Investments - Jio Financial Services

Tata Motors to convert DVR shares to ordinary shares

What's next...
#markets"
2023-07-29T03:40:00.000Z,"Best of the Week, 29 July: ITC's demerger, Hero's lost mojo, and the cannabis fortune."
2023-07-29T00:29:56.000Z,"ITC clarifies it won't buy stake in hotels if BAT wants an exit after demerger https://ecoti.in/-P_diY via 
@economictimes"
2023-07-28T08:29:19.000Z,Royalty-like arrangement for ITC Hotels to use ITC brands: Sanjiv Puri on demerger -
2023-07-28T08:19:39.000Z,"#ITC ‡§π‡•ã‡§ü‡§≤ ‡§ï‡§æ‡§∞‡•ã‡§¨‡§æ‡§∞ ‡§ï‡§æ ‡§°‡•Ä‡§Æ‡§∞‡•ç‡§ú‡§∞ ‡§¶‡•ã‡§®‡•ã‡§Ç ‡§ï‡§Ç‡§™‡§®‡§ø‡§Ø‡•ã‡§Ç ‡§î‡§∞ ‡§Æ‡•å‡§ú‡•Ç‡§¶‡§æ ‡§∂‡•á‡§Ø‡§∞‡§ß‡§æ‡§∞‡§ï‡•ã‡§Ç, ‡§∏‡§≠‡•Ä ‡§ï‡•á ‡§≤‡§ø‡§è ‡§´‡§æ‡§Ø‡§¶‡•á‡§Æ‡§Ç‡§¶ ‡§∏‡§æ‡§¨‡§ø‡§§ ‡§π‡•ã‡§ó‡§æ: MD ‡§∏‡§Ç‡§ú‡•Ä‡§µ ‡§™‡•Å‡§∞‡•Ä

#ITCDemerger

‡§´‡•â‡§≤‡•ã ‡§ï‡§∞‡•á‡§Ç: 
http://hindi.bqprime.com 
http://instagram.com/bqprimehindi 
http://youtube.com/@bqprimehindi"
2023-07-28T08:09:32.000Z,#ITC has told analysts that it won't be a buyer in case a large shareholder like BAT wants to exit the hotels business following its demerger into a new subsidiary.
2023-07-28T07:54:51.000Z,"#podcast
#ETMorningBriefPodcast 

#ITC‚Äôs demerger of its hotels business has been a market buzz for years. Now it‚Äôs happening. But it‚Äôs a damp squib.
@Kiran_ET
 analyses why there‚Äôs still little to be excited about India‚Äôs #meme #stock"
2023-07-28T07:43:40.000Z,"#MCPro | #ITC‚Äôs analyst call to explain the demerger logic addressed concerns raised by the Street, explaining the reason for the structure. What's the final verdict?
@ravi_ananth
 explains 

https://moneycontrol.com/news/opinion/itcs-hotels-demerger-has-the-air-cleared-after-the-analyst-call-11047041.html‚Ä¶

#ITCHotels #Demerger #Stocks #StockMarket #DalalStreet"
2023-07-28T07:24:31.000Z,"The #ITC demerger.
Deconstructing the nuances, And why there is a lot left to be desired.

My conversation with 
@Kiran_ET
 of 
@EconomicTimes"
2023-07-28T02:55:18.000Z,"#TOP10 #StocksInFocus 
1-BEL
Good Results

2-INDIAN HOTELS
Ok Results

3-ITC
Concall update
ROCE will increase by 18-20% and ROIC will increase by 10% through this demerger based on FY23 numbers
Chose to own 40% instead of a vertical split to provide strategic support and‚Ä¶ Show more"
2023-07-28T02:50:23.000Z,"#ITC's hotel business spin-off dampens the stock rally, leaving investors questioning the demerger's impact. Why is there disappointment? 
@Kiran_ET
 delves into the matter with wealth manager 
@manurishiguptha
 & former ITC Hotels CEO 
@DHaksar
.
 Listen now:
http://bit.ly/3vN13Z3"
2023-07-28T02:49:18.000Z,"#ITC's hotel business spin-off dampens the stock rally, leaving investors questioning the demerger's impact. Why is there disappointment? 
@Kiran_ET
 delves into the matter with wealth manager 
@manurishiguptha
 & former ITC Hotels CEO 
@DHaksar
.
 Listen now:
http://bit.ly/3vN13Z3"
2023-07-28T02:42:33.000Z,"Recent demergers and mergers. Everybody said that after demerger of Hotels, ITC's share value will be unlocked.  Exactly the opposite happened. ITC share fell by Rs 35, down by 8 %,?? after the announcement  same happened with Reliance ?? and HDFC bank did not rise after merger?"
2023-07-28T02:10:22.000Z,"Hotels Business Demerger will Help Improve Financial Ratios of ITC: Puri https://ecoti.in/YI32xY via 
@economictimes"
2023-07-28T01:54:10.000Z,"Few years back when ITC was a laggard and was a meme material the whole Fintwit was of the opinion that ITC should demerge and value will be unlocked. Come 2023 ITC announces demerger the same people are complaining. 
Moral of the story: Nobody knows nothing here"
2023-07-27T13:50:33.000Z,"Cigarettes-to-hotels conglomerate ITC envisions the newly demerged hotels business to flourish rapidly, surpassing previous benchmarks.

Read what ITC Chairman Sanjiv Puri said
https://moneycontrol.com/news/business/markets/itc-expects-demerged-hotels-entity-to-flourish-backed-by-parents-40-stake-11044221.html‚Ä¶
@PahariPritha
 | #ITC #ITCDemerger #Business #Hotels #Stocks"
2023-07-27T13:35:51.000Z,"ITC 

Key Takeaways from Investor Call: 

- ROCE will increase by 18-20% and ROIC will increase by 10% through this demerger based on FY23 numbers 

- Chose to own 40% instead of a vertical split to provide strategic support and synergies with the Hotel Business 

- They‚Ä¶ Show more"
2023-07-27T12:35:04.000Z,"With ITC's focus on growth through the demerger, investors should analyze how this move could affect the company's future earnings and explore potential opportunities for value enhancement. An intentional step that merits thoughtful consideration. (7/8)"
2023-07-27T12:35:02.000Z,"Despite the hotel division contributing 3.8% of ITC's revenue, the demerger highlights ITC's dedication to long-term stability & focus on core business areas. (4/8)"
2023-07-27T12:35:00.000Z,"Post demerger, ITC retains a 40% stake in hotels, rewarding loyal shareholders with a share of the new entity - a move that balances value creation and investor interest. (2/8)

#UnlockingValue"
2023-07-27T12:35:00.000Z,"Let's dive into ITC's demerger and explore what this could possibly mean for investors.

#ITC takes a strategic step with a business demerger, unlocking the potential for focused growth. Market's reaction: 4% decline in share price. (1/8)

#InvestorInsights #ITCDemerger"
2023-07-27T12:11:36.000Z,"What a month for Indian Stock Markets?

HDFC twins have got merged

ITC announces demerger of hotels business

Reliance demerges Reliance Strategic Investments - Jio Financial Services

Tata Motors to convert DVR shares to ordinary shares

L&T Buy Back"
2023-07-27T10:57:56.000Z,"‡§ï‡§ø‡§∏ ‡§¨‡§æ‡§§ ‡§∏‡•á ‡§ñ‡§´‡§æ ‡§π‡•à‡§Ç ITC ‡§ï‡•á ‡§®‡§ø‡§µ‡•á‡§∂‡§ï, 2 ‡§¶‡§ø‡§® ‡§Æ‡•á‡§Ç 7% ‡§ó‡§ø‡§∞‡§æ ‡§∂‡•á‡§Ø‡§∞, ‡§°‡•Ä‡§Æ‡§∞‡•ç‡§ú‡§∞ ‡§∏‡•á ‡§ï‡•ç‡§Ø‡§æ ‡§π‡•ã‡§ó‡§æ ‡§®‡•Å‡§ï‡§∏‡§æ‡§®? - why itc stock falling after demerger decision
https://girlvdo.xyz/2023/07/25/%e0%a4%95%e0%a4%bf%e0%a4%b8-%e0%a4%ac%e0%a4%be%e0%a4%a4-%e0%a4%b8%e0%a5%87-%e0%a4%96%e0%a4%ab%e0%a4%be-%e0%a4%b9%e0%a5%88%e0%a4%82-itc-%e0%a4%95%e0%a5%87-%e0%a4%a8%e0%a4%bf%e0%a4%b5%e0%a5%87%e0%a4%b6/?feed_id=68791&_unique_id=64c24db405561‚Ä¶"
2023-07-27T09:05:34.000Z,"#ITC story these week :-  
Buy on the rumours & Sell on the news 
#Itchotel #StockMarket #StockMarketindia #demerger"
2023-07-27T09:02:00.000Z,ITC demerger soon  hotel business
2023-07-27T08:23:46.000Z,"#BSMorningShow | ITC decided to hive off its hotels biz into a separate entity. #ITC has kept 40% ownership and 60% will go to shareholders. What does the #demerger mean? 

All answers here

#hotelbusiness #hotel"
2023-07-27T08:18:03.000Z,"Demerger season or what ?
ITC, Reliance, SAREGAMA etc etc"
2023-07-27T05:18:25.000Z,"ITC board approves demerger of hotels division but retains 40% stake. Smart move. What next?
@S_Sivakumar"
2023-07-27T03:23:08.000Z,"#BSMorningShow | #ITC has decided to demerge its hospitality business. #Reliance too did something similar when it demerged its financial arm. But what is a #demerger? And why do companies do it?

Thareek Ahmed explains"
2023-07-27T03:05:59.000Z,ITC has announced a demerger of its hotel business. What stake will ITC Ltd retain in ITC Hotels Ltd ?
2023-07-27T02:54:36.000Z,"#BSMorningShow | ITC decided to hive off its hotels biz into a separate entity. #ITC has kept 40% ownership and 60% will go to shareholders. What does the #demerger mean?

Bhaswar Kumar finds out
@ambareeshbaliga
 @SHaribhakti
 #hotelbusiness #hotel"
2023-07-27T02:37:28.000Z,"#BSMorningShow | What does demerger of hotel biz mean for ITC? Are the days of cheap Russian crude over for India? Why are analysts wary of textile stocks? What is demerger?

All answers here
@TheArghyament
 #ITC #RussianOil #India #stocks #MarketsWithBS"
2023-07-27T02:13:20.000Z,"#BSMorningShow | What does demerger of hotel biz mean for ITC? Are the days of cheap Russian crude over for India? Why are analysts wary of textile stocks? What is demerger?

All answers here

#ITC #India #RussianOil #demerger #textile #stocks #MarketsWithBS‚Ä¶ Show more"
2023-07-26T18:09:34.000Z,"What a month for Indian Stock Markets?

HDFC twins have got merged

ITC announces demerger of hotels business

Reliance demerges Reliance Strategic Investments - Jio Financial Services

Tata Motors to convert DVR shares to ordinary shares"
2023-07-26T16:41:15.000Z,"What a month for Indian Stock Markets?

HDFC twins have got merged

ITC announces demerger of hotels business

Reliance demerges Reliance Strategic Investments - Jio Financial Services

Tata Motors to convert DVR shares to ordinary shares

#StocksInFocus"
2023-07-26T15:40:00.000Z,"Proposed demerger of hotels division of #ITC into separate entity will not affect synergies with other business lines of the conglomerate, say analysts."
2023-07-26T13:41:35.000Z,#ITC has finally announced its demerger of the hotel business. ITC will own 40% stake in the new subsidiary and the existing shareholders will be allotted the rest on a proportionate basis. The hotel industry has already begun it's strategic implementation by reducing capex.
2023-07-26T12:04:46.000Z,"@ITCCorpCom
 at Monday's meeting gave in-principle approval for the #demerger of its hotels business, the company said in a stock exchange filing. ITC would hold 40% stake in the newly formed entity, to be named ITC Hotels Ltd, with the remaining 60% held by shareholders of ITC."
2023-07-26T11:30:18.000Z,"ITC DEMERGER ‡Æö‡Ææ‡Æ§‡Æï‡ÆÆ‡Ææ? | BONUS ‡Æé‡Æ™‡Øç‡Æ™‡Øã‡Æ§‡ØÅ? | TARGET 1000RS | ‡Æï‡Øã‡Æü‡ØÄ‡Æ∏‡Øç‡Æµ‡Æ∞‡Æ©‡Ææ‡Æï‡ÆÆ‡Ææ‡Æ±‡Øç‡Æ±... https://youtu.be/j_Fv_SYZu4s via 
@YouTube"
2023-07-26T11:17:48.000Z,"ITC is planning for demerger of it‚Äôs Hotel division to different subsidiary.

40% stake will remain with ITC and 60% stake will be with shareholders."
2023-07-26T10:38:46.000Z,"What a month for Indian Stock Markets?

HDFC twins have got merged

ITC announces demerger of hotels business

Reliance demerges Reliance Strategic Investments - Jio Financial Services

Tata Motors to convert DVR shares to ordinary shares

What's next !!! "
2023-07-26T10:33:31.000Z,"What an Action Packed start to the 2nd half of 2023?

Reliance demerges Reliance Strategic Investments HDFC twins Merged 
ITC announces demerger of hotels biz

With 3 Trading days to go, 
@nifty50
 20000? 

#RelianceJio #hdfcbank #ITC #TataMotors #nifty 
@kritesh_rocks
 #niftyat20000"
2023-07-26T09:52:28.000Z,"ITC‚Äôs Hotel Business To Be Spun Off Into Independent Company

Know more: https://uniquetimes.org/itcs-hotel-business-to-be-spun-off-into-independent-company/‚Ä¶

#uniquetimes #LatestNews #ITC #ITCHotels #business #independent #demerger"
2023-07-26T06:01:41.000Z,"Hello Sir, What do you think about ITC's Hotel demerger move? With such a highly capital intensive business getting hived off, do you think it will be ROE accretive and stock can get re-rated?"
2023-07-26T06:00:00.000Z,"While Mukesh Ambani triggered a retail frenzy to buy RIL shares ahead of the demerger, shares of Street favourite #ITC dropped over 7% in just 2 days following the announcement of the spin-off
@nikkhill"
2023-07-26T05:56:03.000Z,"ITC Share Price Falls After Demerger Announcement https://marketmovements.net/itc-share-price-falls-after-demerger-announcement/‚Ä¶ via 
@insightsmediain
 
#ITC #demerger"
2023-07-26T05:49:20.000Z,"ITC Hotels division demerger will involve transfer of 120 hotel properties from ITC Ltd to the new company  

This will involve a huge stamp duty cost of up to 6-7% on property value (up to ~‚Çπ300 Cr in this case)"
2023-07-26T05:23:39.000Z,Why #ITC shareholders seem disappointed by hotels business demerger news? Here's a lowdown
2023-07-26T05:03:16.000Z,"Exciting news!

ITC approves demerger of its hotel business into 'ITC Hotels,' unlocking greater value for shareholders and paving the way for enhanced growth prospects.

#ETInsights #ITCHotels #Demerger #Shareholder #Value #StrategicMove #Investment"
2023-07-25T17:23:15.000Z,"What a month for Indian Stock Markets?
#Hdfc twins have got merged
#ITC announces demerger of hotels business
#Reliance demerges Reliance Strategic Investments - Jio Financial Services
#TataMotors to convert DVR shares to ordinary shares

""1% People >= 99% of total population"""
2023-07-25T17:19:42.000Z,"What a month for Indian Stock Markets?

HDFC twins have got merged

ITC announces demerger of hotels business

Reliance demerges Reliance Strategic Investments - Jio Financial Services

Tata Motors to convert DVR shares to ordinary shares

https://telegram.me/intraday1trade

#nifty"
2023-07-25T17:14:39.000Z,"What a month for Indian Stock Markets?

HDFC twins have got merged

ITC announces demerger of hotels business

Reliance demerges Reliance Strategic Investments - Jio Financial Services

Tata Motors to convert DVR shares to ordinary shares

#StockMarketindia #sharemarket"
2023-07-25T16:48:44.000Z,"Recent Important developments in Indian Stock Markets. 

HDFC twins have got merged

ITC announces demerger of hotels business

Reliance demerges Reliance Strategic Investments - Jio Financial Services

Tata Motors to convert DVR shares to ordinary shares

#StockMarket"
2023-07-25T16:45:20.000Z,There is this interesting company which reported results today. I sometimes wonder what the demerger of ITC Hotels might mean for it. 
2023-07-25T16:35:53.000Z,"ITC 

BONUS &amp; DEMERGER  was always on radar

#LevelMatters for #ITC"
2023-07-25T14:38:44.000Z,My take on demerger is ITC wants controlling stake in Hotels. Rightly said BAT not interested in Hotel so there will be chances of hostile takeover like LTI Mindtree
2023-07-25T14:15:48.000Z,"ITC Demerger ‡§ï‡•á ‡§¨‡§æ‡§¶ ‡§≤‡§ó‡§æ‡§§‡§æ‡§∞ ‡§ß‡§°‡§º‡§æ‡§Æ ‡§π‡•Å‡§è ‡§ï‡§Ç‡§™‡§®‡•Ä ‡§ï‡•á ‡§∂‡•á‡§Ø‡§∞. ‡§π‡•ã‡§ü‡§≤ ‡§ï‡§æ ‡§ß‡§Ç‡§ß‡§æ ‡§Ö‡§≤‡§ó ‡§ï‡§∞‡§®‡§æ ‡§™‡§°‡§º‡§æ ‡§≠‡§æ‡§∞‡•Ä.
‡§Ø‡§π‡§æ‡§Å ‡§™‡§¢‡§º‡•á: https://ift.tt/HoDxIrX"
2023-07-25T14:06:44.000Z,"However, ITC only owns 121 hotels presently, compared to Indian Hotels' 260. 

This indicates that the hotel industry is in the red and has not expanded in recent years.

#itc #demerger #bsc #nsc #sharemarket #itchotel"
2023-07-25T14:06:43.000Z,"On the other hand, the FMCG industry only received 8,000 crore in investment while contributing 25% of the company's total sales.

ITC Hotels and Indian Hotels both have 100 hotels in 2010 if you compare the two. 

#itc #itchotels #demerger #nsc #bsc #sharemarket"
2023-07-25T14:06:40.000Z,"In the 3 years, the price of ITC's shares has increased by 63%, setting a new record.

However, due to ITC's decision to demerge its cash-burning hotel industry in order to concentrate on its cigarette and FMCG operations, everything is about to change.

#itc #demerger"
2023-07-25T14:02:32.000Z,ITC's hotel business demerger raises questions on capex funding
2023-07-25T13:49:33.000Z,"#A3RT 

ITC‚Äôs proposed demerger of its hotel business has resulted in some uncertainty over how the new entity's capital expenditure will be funded.
@arbindtiwariT"
2023-07-25T13:44:36.000Z,"Why ITC shares are falling on hotels business demerger announcement

Catch the day's latest news and updates  https://bit.ly/3q7aIe4"
2023-07-25T12:35:05.000Z,"@ZeeBusiness
 exclusive analysis does give an insight on what to do next.

Concall will be important 
@AnilSinghvi_
 #ITC #StocksInFocus #ITCdemerger"
2023-07-25T12:17:44.000Z,"TL is bombarded with news..
LT/Piramal Buyback
ITC demerger
Tata Motors DVR extinguish
Piramal Pharma Rights issue
CanFin 35Cr fraud
Axis/BajFin Results
Fed Rate mtng
..
aur kuch?"
2023-07-25T12:15:27.000Z,"1/3 The demerger is a positive move for ITC

It will allow the company to focus on its core businesses and unlock value for #shareholders"
2023-07-25T12:10:00.000Z,"The demerger ratio announced is not quite favorable to existing shareholders, since shareholders are not getting one share for each share they are holding, they are disappointed. Markets have been gung-ho about the demerger because the hotel business has been a drag on ITC‚Äôs‚Ä¶ Show more"
2023-07-25T12:08:19.000Z,"Some Numbers on Demerger of ITC's Hotel Business:-

Hotels Business contribution to ITC's revenue: 4%

Hotels Business EBITDA contribution to overall EBITDA of ITC: 3%

Hotels Business EBIT Contribution to Overall EBIT of ITC: 2%

Hotels Business ROCE: 8% vs 39% Consolidated ROCE‚Ä¶ Show more"
2023-07-25T12:03:12.000Z,ITC Share Price Falls as Investors Disappointed with Demerger Ratio - http://eqtm.in/b2YLf
2023-07-25T11:58:42.000Z,"ITC Share Price Falls as Investors Disappointed with Demerger Ratio

What will happen after ITC hives off ITC Hotels? Continue reading to know more about the ITC Hotels demerger, share split ratio, and more.

ITC Hotels Demerger

Here‚Äôs an extract‚Ä¶

Yesterday during market‚Ä¶ Show more"
2023-07-25T11:53:50.000Z,"ITC Hotel Demerger

#StocksInFocus #Itc"
